[{"pk": 1241, "model": "food.food", "fields": {"food_description": "Per 100g - Calories: 358kcal | Fat: 28.39g | Carbs: 5.07g | Protein: 20.90g", "content_type": 13, "food_name": "Cheddar or American Type Cheese"}}, {"pk": 1242, "model": "food.food", "fields": {"food_description": "Per 100g - Calories: 363kcal | Fat: 27.77g | Carbs: 2.47g | Protein: 25.48g", "content_type": 13, "food_name": "Natural Cheese"}}, {"pk": 1250, "model": "food.food", "fields": {"food_description": "Per 100g - Calories: 394kcal | Fat: 32.11g | Carbs: 2.57g | Protein: 23.76g", "content_type": 13, "food_name": "Colby Cheese"}}, {"pk": 1251, "model": "food.food", "fields": {"food_description": "Per 100g - Calories: 384kcal | Fat: 31.20g | Carbs: 1.62g | Protein: 24.12g", "content_type": 13, "food_name": "Colby Jack Cheese"}}, {"pk": 1262, "model": "food.food", "fields": {"food_description": "Per 100g - Calories: 302kcal | Fat: 20.03g | Carbs: 3.83g | Protein: 25.96g", "content_type": 13, "food_name": "Part Skim Mozzarella Cheese"}}, {"pk": 1277, "model": "food.food", "fields": {"food_description": "Per 100g - Calories: 173kcal | Fat: 7.00g | Carbs: 1.91g | Protein: 24.35g", "content_type": 13, "food_name": "Lowfat Cheddar or Colby Cheese"}}, {"pk": 1283, "model": "food.food", "fields": {"food_description": "Per 100g - Calories: 87kcal | Fat: 2.53g | Carbs: 2.62g | Protein: 12.92g", "content_type": 13, "food_name": "Cottage Cheese"}}, {"pk": 1297, "model": "food.food", "fields": {"food_description": "Per 100g - Calories: 349kcal | Fat: 34.87g | Carbs: 2.66g | Protein: 7.55g", "content_type": 13, "food_name": "Cream Cheese"}}, {"pk": 1328, "model": "food.food", "fields": {"food_description": "Per 417g - Calories: 946kcal | Fat: 59.26g | Carbs: 37.67g | Protein: 69.22g", "content_type": 13, "food_name": "Cheese Pizza Topping"}}, {"pk": 4881, "model": "food.food", "fields": {"food_description": "Per 100g - Calories: 276kcal | Fat: 11.74g | Carbs: 30.33g | Protein: 12.33g", "content_type": 13, "food_name": "Cheese Pizza"}}, {"pk": 4882, "model": "food.food", "fields": {"food_description": "Per 100g - Calories: 281kcal | Fat: 12.53g | Carbs: 29.45g | Protein: 12.50g", "content_type": 13, "food_name": "Thin Crust Cheese Pizza"}}, {"pk": 4883, "model": "food.food", "fields": {"food_description": "Per 100g - Calories: 270kcal | Fat: 10.55g | Carbs: 31.65g | Protein: 12.07g", "content_type": 13, "food_name": "Thick Crust Cheese Pizza"}}, {"pk": 4884, "model": "food.food", "fields": {"food_description": "Per 100g - Calories: 230kcal | Fat: 8.52g | Carbs: 29.46g | Protein: 8.89g", "content_type": 13, "food_name": "Cheese Pizza with Vegetables"}}, {"pk": 4885, "model": "food.food", "fields": {"food_description": "Per 974g - Calories: 2074kcal | Fat: 83.15g | Carbs: 245.85g | Protein: 88.02g", "content_type": 13, "food_name": "Thin Crust Cheese Pizza with Vegetables"}}, {"pk": 4886, "model": "food.food", "fields": {"food_description": "Per 1307g - Calories: 3229kcal | Fat: 111.26g | Carbs: 440.20g | Protein: 114.27g", "content_type": 13, "food_name": "Thick Crust Cheese Pizza with Vegetables"}}, {"pk": 4887, "model": "food.food", "fields": {"food_description": "Per 1209g - Calories: 3204kcal | Fat: 106.16g | Carbs: 446.42g | Protein: 111.48g", "content_type": 13, "food_name": "Thick Crust Cheese Pizza with Fruit"}}, {"pk": 4888, "model": "food.food", "fields": {"food_description": "Per 100g - Calories: 301kcal | Fat: 13.80g | Carbs: 31.45g | Protein: 12.09g", "content_type": 13, "food_name": "Pizza with Meat"}}, {"pk": 4889, "model": "food.food", "fields": {"food_description": "Per 850g - Calories: 2490kcal | Fat: 124.76g | Carbs: 229.89g | Protein: 108.70g", "content_type": 13, "food_name": "Thin Crust Pizza with Meat"}}, {"pk": 4890, "model": "food.food", "fields": {"food_description": "Per 1184g - Calories: 3646kcal | Fat: 152.93g | Carbs: 424.33g | Protein: 134.93g", "content_type": 13, "food_name": "Thick Crust Pizza with Meat"}}, {"pk": 4891, "model": "food.food", "fields": {"food_description": "Per 100g - Calories: 256kcal | Fat: 11.68g | Carbs: 27.42g | Protein: 10.16g", "content_type": 13, "food_name": "Pizza with Meat and Vegetables"}}, {"pk": 4892, "model": "food.food", "fields": {"food_description": "Per 1073g - Calories: 2618kcal | Fat: 129.93g | Carbs: 249.66g | Protein: 112.33g", "content_type": 13, "food_name": "Thin Crust Pizza with Meat and Vegetables"}}, {"pk": 4893, "model": "food.food", "fields": {"food_description": "Per 1407g - Calories: 3770kcal | Fat: 158.11g | Carbs: 444.07g | Protein: 138.55g", "content_type": 13, "food_name": "Thick Crust Pizza with Meat and Vegetables"}}, {"pk": 4894, "model": "food.food", "fields": {"food_description": "Per 100g - Calories: 230kcal | Fat: 8.30g | Carbs: 28.76g | Protein: 9.94g", "content_type": 13, "food_name": "Pizza with Meat and Fruit"}}, {"pk": 4895, "model": "food.food", "fields": {"food_description": "Per 1079g - Calories: 2308kcal | Fat: 89.42g | Carbs: 267.61g | Protein: 110.13g", "content_type": 13, "food_name": "Thin Crust Pizza with Meat and Fruit"}}, {"pk": 4896, "model": "food.food", "fields": {"food_description": "Per 1412g - Calories: 3460kcal | Fat: 117.51g | Carbs: 462.00g | Protein: 136.44g", "content_type": 13, "food_name": "Thick Crust Pizza with Meat and Fruit"}}, {"pk": 4898, "model": "food.food", "fields": {"food_description": "Per 866g - Calories: 2027kcal | Fat: 76.05g | Carbs: 255.59g | Protein: 80.72g", "content_type": 13, "food_name": "Pizza with Beans and Vegetables"}}, {"pk": 4899, "model": "food.food", "fields": {"food_description": "Per 866g - Calories: 2027kcal | Fat: 76.05g | Carbs: 255.59g | Protein: 80.72g", "content_type": 13, "food_name": "Thin Crust Pizza with Beans and Vegetables"}}, {"pk": 4900, "model": "food.food", "fields": {"food_description": "Per 1199g - Calories: 3177kcal | Fat: 104.18g | Carbs: 449.58g | Protein: 106.82g", "content_type": 13, "food_name": "Thick Crust Pizza with Beans and Vegetables"}}, {"pk": 4901, "model": "food.food", "fields": {"food_description": "Per 582g - Calories: 1932kcal | Fat: 75.70g | Carbs: 208.84g | Protein: 97.17g", "content_type": 13, "food_name": "Pizza with Seafood"}}, {"pk": 4902, "model": "food.food", "fields": {"food_description": "Per 582g - Calories: 1932kcal | Fat: 75.70g | Carbs: 208.84g | Protein: 97.17g", "content_type": 13, "food_name": "Thin Crust Pizza with Seafood"}}, {"pk": 4903, "model": "food.food", "fields": {"food_description": "Per 916g - Calories: 3086kcal | Fat: 103.83g | Carbs: 403.25g | Protein: 123.34g", "content_type": 13, "food_name": "Thick Crust Pizza with Seafood"}}, {"pk": 4904, "model": "food.food", "fields": {"food_description": "Per 98g - Calories: 295kcal | Fat: 11.86g | Carbs: 28.72g | Protein: 17.04g", "content_type": 13, "food_name": "Ground Beef with Tomato Sauce on a Pizza Crust"}}, {"pk": 4908, "model": "food.food", "fields": {"food_description": "Per 459g - Calories: 1700kcal | Fat: 60.14g | Carbs: 215.18g | Protein: 69.14g", "content_type": 13, "food_name": "White Pizza"}}, {"pk": 4909, "model": "food.food", "fields": {"food_description": "Per 459g - Calories: 1700kcal | Fat: 60.14g | Carbs: 215.18g | Protein: 69.14g", "content_type": 13, "food_name": "Thin Crust White Pizza"}}, {"pk": 4910, "model": "food.food", "fields": {"food_description": "Per 527g - Calories: 1930kcal | Fat: 63.69g | Carbs: 257.06g | Protein: 74.81g", "content_type": 13, "food_name": "Thick Crust White Pizza"}}, {"pk": 5777, "model": "food.food", "fields": {"food_description": "Per 100g - Calories: 100kcal | Fat: 3.54g | Carbs: 15.72g | Protein: 1.80g", "content_type": 13, "food_name": "Mashed Potato"}}, {"pk": 5778, "model": "food.food", "fields": {"food_description": "Per 764g - Calories: 619kcal | Fat: 2.52g | Carbs: 137.98g | Protein: 14.44g", "content_type": 13, "food_name": "Mashed Potato made with Milk (from Fresh)"}}, {"pk": 5779, "model": "food.food", "fields": {"food_description": "Per 2197g - Calories: 2746kcal | Fat: 129.60g | Carbs: 352.77g | Protein: 54.92g", "content_type": 13, "food_name": "Mashed Potato made with Milk, Sour Cream and/or Cream Cheese (from Fresh)"}}, {"pk": 5784, "model": "food.food", "fields": {"food_description": "Per 849g - Calories: 1010kcal | Fat: 38.97g | Carbs: 142.96g | Protein: 24.96g", "content_type": 13, "food_name": "Mashed Potato made with Milk, Fat and Cheese (from Fresh)"}}, {"pk": 5791, "model": "food.food", "fields": {"food_description": "Per 225g - Calories: 236kcal | Fat: 12.52g | Carbs: 27.52g | Protein: 4.55g", "content_type": 13, "food_name": "Mashed Potato (from Dry)"}}, {"pk": 5792, "model": "food.food", "fields": {"food_description": "Per 180g - Calories: 219kcal | Fat: 12.50g | Carbs: 23.75g | Protein: 3.79g", "content_type": 13, "food_name": "Mashed Potato (from Fresh)"}}, {"pk": 25496, "model": "food.food", "fields": {"food_description": "Per whole crust - Calories: 710kcal | Fat: 9.00g | Carbs: 133.00g | Protein: 20.00g", "content_type": 13, "food_name": "Safeway Pizza Crust"}}, {"pk": 25864, "model": "food.food", "fields": {"food_description": "Per 1 slice - Calories: 230kcal | Fat: 10.00g | Carbs: 25.00g | Protein: 10.00g", "content_type": 13, "food_name": "Pizza Hut 12\" Medium Pepperoni Hand-Tossed Style Pizza"}}, {"pk": 32002, "model": "food.food", "fields": {"food_description": "Per 1 piece - Calories: 270kcal | Fat: 5.00g | Carbs: 42.00g | Protein: 12.00g", "content_type": 13, "food_name": "Lean Pockets Four Cheese Pizza"}}, {"pk": 33474, "model": "food.food", "fields": {"food_description": "Per 1/6 slice - Calories: 330kcal | Fat: 14.00g | Carbs: 35.00g | Protein: 15.00g", "content_type": 13, "food_name": "President's Choice PC Chicago Style Deep-dish Pizza - Spinach & 3 Cheese"}}, {"pk": 33684, "model": "food.food", "fields": {"food_description": "Per 100g - Calories: 353kcal | Fat: 28.74g | Carbs: 2.34g | Protein: 21.40g", "content_type": 13, "food_name": "Blue Cheese"}}, {"pk": 33686, "model": "food.food", "fields": {"food_description": "Per 100g - Calories: 334kcal | Fat: 27.68g | Carbs: 0.45g | Protein: 20.75g", "content_type": 13, "food_name": "Brie Cheese"}}, {"pk": 33687, "model": "food.food", "fields": {"food_description": "Per 100g - Calories: 300kcal | Fat: 24.26g | Carbs: 0.46g | Protein: 19.80g", "content_type": 13, "food_name": "Camembert Cheese"}}, {"pk": 33689, "model": "food.food", "fields": {"food_description": "Per 100g - Calories: 403kcal | Fat: 33.14g | Carbs: 1.28g | Protein: 24.90g", "content_type": 13, "food_name": "Cheddar Cheese"}}, {"pk": 33691, "model": "food.food", "fields": {"food_description": "Per 100g - Calories: 394kcal | Fat: 32.11g | Carbs: 2.57g | Protein: 23.76g", "content_type": 13, "food_name": "Colby Cheese"}}, {"pk": 33692, "model": "food.food", "fields": {"food_description": "Per 100g - Calories: 103kcal | Fat: 4.51g | Carbs: 2.68g | Protein: 12.49g", "content_type": 13, "food_name": "Cottage Cheese"}}, {"pk": 33697, "model": "food.food", "fields": {"food_description": "Per 100g - Calories: 349kcal | Fat: 34.87g | Carbs: 2.66g | Protein: 7.55g", "content_type": 13, "food_name": "Cream Cheese"}}, {"pk": 33698, "model": "food.food", "fields": {"food_description": "Per 100g - Calories: 357kcal | Fat: 27.80g | Carbs: 1.43g | Protein: 24.99g", "content_type": 13, "food_name": "Edam Cheese"}}, {"pk": 33705, "model": "food.food", "fields": {"food_description": "Per 100g - Calories: 373kcal | Fat: 30.28g | Carbs: 0.68g | Protein: 24.48g", "content_type": 13, "food_name": "Monterey Cheese"}}, {"pk": 33715, "model": "food.food", "fields": {"food_description": "Per 100g - Calories: 351kcal | Fat: 26.62g | Carbs: 2.14g | Protein: 25.58g", "content_type": 13, "food_name": "Provolone Cheese"}}, {"pk": 33717, "model": "food.food", "fields": {"food_description": "Per 100g - Calories: 138kcal | Fat: 7.91g | Carbs: 5.14g | Protein: 11.39g", "content_type": 13, "food_name": "Ricotta Cheese (Part Skim Milk)"}}, {"pk": 33720, "model": "food.food", "fields": {"food_description": "Per 100g - Calories: 380kcal | Fat: 27.80g | Carbs: 5.38g | Protein: 26.93g", "content_type": 13, "food_name": "Swiss Cheese"}}, {"pk": 33725, "model": "food.food", "fields": {"food_description": "Per 100g - Calories: 331kcal | Fat: 24.46g | Carbs: 8.32g | Protein: 19.66g", "content_type": 13, "food_name": "American Cheese (Cold Pack)"}}, {"pk": 33825, "model": "food.food", "fields": {"food_description": "Per 100g - Calories: 452kcal | Fat: 35.59g | Carbs: 2.17g | Protein: 30.52g", "content_type": 13, "food_name": "Goats Cheese (Hard)"}}, {"pk": 33827, "model": "food.food", "fields": {"food_description": "Per 100g - Calories: 268kcal | Fat: 21.08g | Carbs: 0.89g | Protein: 18.52g", "content_type": 13, "food_name": "Goats Cheese (Soft)"}}, {"pk": 33830, "model": "food.food", "fields": {"food_description": "Per 100g - Calories: 229kcal | Fat: 13.47g | Carbs: 3.77g | Protein: 14.23g", "content_type": 13, "food_name": "Cheese Fondue"}}, {"pk": 33835, "model": "food.food", "fields": {"food_description": "Per 100g - Calories: 173kcal | Fat: 7.00g | Carbs: 1.91g | Protein: 24.35g", "content_type": 13, "food_name": "Cheddar or Colby Cheese (Lowfat)"}}, {"pk": 35049, "model": "food.food", "fields": {"food_description": "Per 100g - Calories: 438kcal | Fat: 18.33g | Carbs: 60.52g | Protein: 7.68g", "content_type": 13, "food_name": "Dry Cheese Sauce Mix"}}, {"pk": 35083, "model": "food.food", "fields": {"food_description": "Per 100g - Calories: 174kcal | Fat: 13.29g | Carbs: 6.83g | Protein: 6.71g", "content_type": 13, "food_name": "Cheese Sauce"}}, {"pk": 35148, "model": "food.food", "fields": {"food_description": "Per 100g - Calories: 245kcal | Fat: 18.53g | Carbs: 2.28g | Protein: 16.18g", "content_type": 13, "food_name": "Ham and Cheese Spread"}}, {"pk": 36509, "model": "food.food", "fields": {"food_description": "Per 100g - Calories: 113kcal | Fat: 4.19g | Carbs: 16.91g | Protein: 2.00g", "content_type": 13, "food_name": "Mashed Potatoes (Whole Milk and Margarine Added)"}}, {"pk": 36621, "model": "food.food", "fields": {"food_description": "Per 100g - Calories: 101kcal | Fat: 0.20g | Carbs: 23.19g | Protein: 1.98g", "content_type": 13, "food_name": "Sweet Potato (Mashed, Canned)"}}, {"pk": 36710, "model": "food.food", "fields": {"food_description": "Per 100g - Calories: 83kcal | Fat: 0.57g | Carbs: 17.53g | Protein: 1.92g", "content_type": 13, "food_name": "Mashed Potatoes (Whole Milk Added)"}}, {"pk": 36956, "model": "food.food", "fields": {"food_description": "Per 100g - Calories: 113kcal | Fat: 4.22g | Carbs: 16.77g | Protein: 1.87g", "content_type": 13, "food_name": "Mashed Potatoes (Whole Milk and Butter Added)"}}, {"pk": 38845, "model": "food.food", "fields": {"food_description": "Per 100g - Calories: 339kcal | Fat: 15.20g | Carbs: 44.30g | Protein: 7.00g", "content_type": 13, "food_name": "Cheese Coffeecake"}}, {"pk": 38873, "model": "food.food", "fields": {"food_description": "Per 100g - Calories: 321kcal | Fat: 22.50g | Carbs: 25.50g | Protein: 5.50g", "content_type": 13, "food_name": "Cheesecake"}}, {"pk": 38933, "model": "food.food", "fields": {"food_description": "Per 100g - Calories: 503kcal | Fat: 25.30g | Carbs: 58.20g | Protein: 10.10g", "content_type": 13, "food_name": "Cheese Crackers"}}, {"pk": 38960, "model": "food.food", "fields": {"food_description": "Per 100g - Calories: 414kcal | Fat: 20.90g | Carbs: 47.00g | Protein: 9.20g", "content_type": 13, "food_name": "Cheese Croissants"}}, {"pk": 38964, "model": "food.food", "fields": {"food_description": "Per 100g - Calories: 374kcal | Fat: 21.90g | Carbs: 37.20g | Protein: 8.00g", "content_type": 13, "food_name": "Cheese Danish Pastry"}}, {"pk": 39060, "model": "food.food", "fields": {"food_description": "Per 100g - Calories: 360kcal | Fat: 18.30g | Carbs: 43.70g | Protein: 7.10g", "content_type": 13, "food_name": "Cheese Sweet Rolls"}}, {"pk": 39320, "model": "food.food", "fields": {"food_description": "Per 100g - Calories: 526kcal | Fat: 33.20g | Carbs: 51.60g | Protein: 9.30g", "content_type": 13, "food_name": "Cheese Flavor Popcorn"}}, {"pk": 39911, "model": "food.food", "fields": {"food_description": "Per 100g - Calories: 196kcal | Fat: 11.56g | Carbs: 17.51g | Protein: 5.91g", "content_type": 13, "food_name": "Enchilada with Cheese"}}, {"pk": 39915, "model": "food.food", "fields": {"food_description": "Per 100g - Calories: 306kcal | Fat: 16.77g | Carbs: 32.15g | Protein: 8.05g", "content_type": 13, "food_name": "Nachos with Cheese"}}, {"pk": 39926, "model": "food.food", "fields": {"food_description": "Per 100g - Calories: 313kcal | Fat: 14.85g | Carbs: 31.13g | Protein: 14.48g", "content_type": 13, "food_name": "Cheeseburger"}}, {"pk": 39933, "model": "food.food", "fields": {"food_description": "Per 100g - Calories: 329kcal | Fat: 17.83g | Carbs: 25.63g | Protein: 16.29g", "content_type": 13, "food_name": "Large Cheeseburger"}}, {"pk": 39978, "model": "food.food", "fields": {"food_description": "Per 100g - Calories: 268kcal | Fat: 12.28g | Carbs: 29.02g | Protein: 10.36g", "content_type": 13, "food_name": "Cheese Pizza (Frozen, Cooked)"}}, {"pk": 39979, "model": "food.food", "fields": {"food_description": "Per 100g - Calories: 260kcal | Fat: 8.78g | Carbs: 32.91g | Protein: 12.37g", "content_type": 13, "food_name": "Cheese Pizza (Rising Crust, Frozen, Cooked)"}}, {"pk": 39981, "model": "food.food", "fields": {"food_description": "Per 100g - Calories: 271kcal | Fat: 11.75g | Carbs: 28.78g | Protein: 12.63g", "content_type": 13, "food_name": "Meat and Vegetable Pizza (Rising Crust, Frozen, Cooked)"}}, {"pk": 40051, "model": "food.food", "fields": {"food_description": "Per 100g - Calories: 264kcal | Fat: 9.51g | Carbs: 32.58g | Protein: 11.91g", "content_type": 13, "food_name": "14\" Cheese Pizza"}}, {"pk": 40052, "model": "food.food", "fields": {"food_description": "Per 100g - Calories: 272kcal | Fat: 10.99g | Carbs: 31.33g | Protein: 12.00g", "content_type": 13, "food_name": "14\" Cheese Pizza (Thick Crust)"}}, {"pk": 40053, "model": "food.food", "fields": {"food_description": "Per 100g - Calories: 304kcal | Fat: 15.68g | Carbs: 26.54g | Protein: 14.17g", "content_type": 13, "food_name": "14\" Cheese Pizza (Thin Crust)"}}, {"pk": 40055, "model": "food.food", "fields": {"food_description": "Per 100g - Calories: 284kcal | Fat: 12.49g | Carbs: 30.40g | Protein: 12.43g", "content_type": 13, "food_name": "14\" Pepperoni Pizza (Thick Crust)"}}, {"pk": 40723, "model": "food.food", "fields": {"food_description": "Per 100g - Calories: 180kcal | Fat: 7.00g | Carbs: 3.50g | Protein: 24.60g", "content_type": 13, "food_name": "American Cheese (Low Fat, Pasteurized)"}}, {"pk": 40724, "model": "food.food", "fields": {"food_description": "Per 100g - Calories: 295kcal | Fat: 28.60g | Carbs: 3.50g | Protein: 7.10g", "content_type": 13, "food_name": "Cream Cheese Spread"}}, {"pk": 41983, "model": "food.food", "fields": {"food_description": "Per 1 serving - Calories: 150kcal | Fat: 4.00g | Carbs: 21.00g | Protein: 2.00g", "content_type": 13, "food_name": "Swiss Chalet Mashed Potatoes"}}, {"pk": 48029, "model": "food.food", "fields": {"food_description": "Per 1 side - Calories: 100kcal | Fat: 1.00g | Carbs: 20.00g | Protein: 2.00g", "content_type": 13, "food_name": "El Pollo Loco Mashed Potatoes"}}, {"pk": 49665, "model": "food.food", "fields": {"food_description": "Per 2/3 cup - Calories: 60kcal | Fat: 0.00g | Carbs: 16.00g | Protein: 1.00g", "content_type": 13, "food_name": "McCain Mashed Potatoes"}}, {"pk": 51487, "model": "food.food", "fields": {"food_description": "Per 1 side - Calories: 270kcal | Fat: 11.00g | Carbs: 36.00g | Protein: 5.00g", "content_type": 13, "food_name": "Boston Market Mashed Potatoes"}}, {"pk": 53094, "model": "food.food", "fields": {"food_description": "Per 1/2 cup prepared - Calories: 110kcal | Fat: 3.00g | Carbs: 20.00g | Protein: 2.00g", "content_type": 13, "food_name": "Idahoan Foods Buttery Homestyle Flavored Mashed Potatoes"}}, {"pk": 53096, "model": "food.food", "fields": {"food_description": "Per 1/2 cup prepared - Calories: 110kcal | Fat: 2.50g | Carbs: 20.00g | Protein: 2.00g", "content_type": 13, "food_name": "Idahoan Foods Loaded Baked Flavored Mashed Potatotes"}}, {"pk": 53162, "model": "food.food", "fields": {"food_description": "Per 1/5 pizza - Calories: 380kcal | Fat: 13.00g | Carbs: 48.00g | Protein: 18.00g", "content_type": 13, "food_name": "Red Baron Naturally Rising Crust - 4-Cheese Pizza"}}, {"pk": 58103, "model": "food.food", "fields": {"food_description": "Per 1 slice - Calories: 262kcal | Fat: 8.00g | Carbs: 36.00g | Protein: 11.00g", "content_type": 13, "food_name": "Chuck E. Cheese's Large Pizza with Cheese"}}, {"pk": 60866, "model": "food.food", "fields": {"food_description": "Per 1 pizza - Calories: 340kcal | Fat: 11.00g | Carbs: 37.00g | Protein: 31.00g", "content_type": 13, "food_name": "South Beach Diet Four Cheese Pizza"}}, {"pk": 61197, "model": "food.food", "fields": {"food_description": "Per 1/4 pizza  - Calories: 330kcal | Fat: 12.00g | Carbs: 37.00g | Protein: 16.00g", "content_type": 13, "food_name": "Cub Foods 4 Cheese Pizza"}}, {"pk": 61677, "model": "food.food", "fields": {"food_description": "Per 1/3 pizza - Calories: 290kcal | Fat: 9.00g | Carbs: 37.00g | Protein: 14.00g", "content_type": 13, "food_name": "Kashi Five Cheese Tomato Pizza"}}, {"pk": 62351, "model": "food.food", "fields": {"food_description": "Per 1/4 package - Calories: 160kcal | Fat: 1.00g | Carbs: 32.00g | Protein: 5.00g", "content_type": 13, "food_name": "Martha White Pizza Crust Mix"}}, {"pk": 62782, "model": "food.food", "fields": {"food_description": "Per 1/4 cup - Calories: 140kcal | Fat: 5.00g | Carbs: 17.00g | Protein: 2.00g", "content_type": 13, "food_name": "Betty Crocker Butter & Herb Mashed Potatoes"}}, {"pk": 63769, "model": "food.food", "fields": {"food_description": "Per 1 side - Calories: 254kcal | Fat: 13.00g | Carbs: 32.00g | Protein: 3.00g", "content_type": 13, "food_name": "McAlister's Deli Mashed Potatoes"}}, {"pk": 65287, "model": "food.food", "fields": {"food_description": "Per 1 slice - Calories: 140kcal | Fat: 6.50g | Carbs: 13.00g | Protein: 7.50g", "content_type": 13, "food_name": "Papa Murphy's Pizza Cheese deLITE"}}, {"pk": 67624, "model": "food.food", "fields": {"food_description": "Per 2/3 cup - Calories: 140kcal | Fat: 1.00g | Carbs: 30.00g | Protein: 2.00g", "content_type": 13, "food_name": "Simply Potatoes Mashed Sweet Potatoes"}}, {"pk": 67625, "model": "food.food", "fields": {"food_description": "Per 2/3 cup - Calories: 130kcal | Fat: 5.00g | Carbs: 18.00g | Protein: 3.00g", "content_type": 13, "food_name": "Simply Potatoes Sour Cream and Chive Mashed Potatoes"}}, {"pk": 67626, "model": "food.food", "fields": {"food_description": "Per 2/3 cup - Calories: 130kcal | Fat: 6.00g | Carbs: 16.00g | Protein: 3.00g", "content_type": 13, "food_name": "Simply Potatoes Garlic Mashed Potatoes"}}, {"pk": 67627, "model": "food.food", "fields": {"food_description": "Per 2/3 cup - Calories: 110kcal | Fat: 2.00g | Carbs: 20.00g | Protein: 3.00g", "content_type": 13, "food_name": "Simply Potatoes Country Style Mashed Potatoes"}}, {"pk": 67628, "model": "food.food", "fields": {"food_description": "Per 2/3 cup - Calories: 110kcal | Fat: 5.00g | Carbs: 15.00g | Protein: 2.00g", "content_type": 13, "food_name": "Simply Potatoes Mashed Potatoes"}}, {"pk": 68056, "model": "food.food", "fields": {"food_description": "Per 1 side - Calories: 100kcal | Fat: 3.00g | Carbs: 17.00g | Protein: 1.00g", "content_type": 13, "food_name": "Popeyes Chicken & Biscuits Mashed Potatoes without Gravy"}}, {"pk": 68057, "model": "food.food", "fields": {"food_description": "Per 1 side - Calories: 130kcal | Fat: 4.00g | Carbs: 18.00g | Protein: 3.00g", "content_type": 13, "food_name": "Popeyes Chicken & Biscuits Mashed Potatoes with Gravy"}}, {"pk": 68341, "model": "food.food", "fields": {"food_description": "Per 1/2 cup prepared - Calories: 140kcal | Fat: 0.00g | Carbs: 17.00g | Protein: 2.00g", "content_type": 13, "food_name": "Idaho Spuds Mashed Potatoes Flakes"}}, {"pk": 70473, "model": "food.food", "fields": {"food_description": "Per 1/2 cup - Calories: 150kcal | Fat: 7.00g | Carbs: 20.00g | Protein: 3.00g", "content_type": 13, "food_name": "Bob Evans Texas Style Mashed Potatoes"}}, {"pk": 71410, "model": "food.food", "fields": {"food_description": "Per 1/6 package - Calories: 160kcal | Fat: 2.00g | Carbs: 31.00g | Protein: 5.00g", "content_type": 13, "food_name": "Pillsbury Classic Pizza Crust"}}, {"pk": 71586, "model": "food.food", "fields": {"food_description": "Per 1/3 pizza - Calories: 270kcal | Fat: 11.00g | Carbs: 31.00g | Protein: 16.00g", "content_type": 13, "food_name": "Uno Chicago Grill Cheese & Tomato Flatbread Pizza"}}, {"pk": 71662, "model": "food.food", "fields": {"food_description": "Per 6 oz - Calories: 170kcal | Fat: 5.00g | Carbs: 28.00g | Protein: 4.00g", "content_type": 13, "food_name": "Dickey's Barbecue Mashed Potatoes"}}, {"pk": 72212, "model": "food.food", "fields": {"food_description": "Per 1/2 crust - Calories: 190kcal | Fat: 2.50g | Carbs: 35.00g | Protein: 6.00g", "content_type": 13, "food_name": "Boboli Pizza Crust"}}, {"pk": 74374, "model": "food.food", "fields": {"food_description": "Per 1/2 cup prepared - Calories: 105kcal | Fat: 5.25g | Carbs: 12.75g | Protein: 1.50g", "content_type": 13, "food_name": "Betty Crocker Homestyle Creamy Butter Mashed Potatoes"}}, {"pk": 74405, "model": "food.food", "fields": {"food_description": "Per 2/3 cup - Calories: 70kcal | Fat: 0.00g | Carbs: 15.00g | Protein: 2.00g", "content_type": 13, "food_name": "Best Yet Mashed Potatoes"}}, {"pk": 74475, "model": "food.food", "fields": {"food_description": "Per 1 serving - Calories: 290kcal | Fat: 8.00g | Carbs: 48.00g | Protein: 6.00g", "content_type": 13, "food_name": "Milestone's Garlic Mashed Potatoes"}}, {"pk": 76242, "model": "food.food", "fields": {"food_description": "Per 10 frozen pieces - Calories: 140kcal | Fat: 4.50g | Carbs: 23.00g | Protein: 3.00g", "content_type": 13, "food_name": "Schwan's Garlic Red Skinned Mashed Potatoes"}}, {"pk": 78955, "model": "food.food", "fields": {"food_description": "Per 1/5 pacakge - Calories: 180kcal | Fat: 5.00g | Carbs: 29.00g | Protein: 5.00g", "content_type": 13, "food_name": "Pillsbury Thin Pizza Crust"}}, {"pk": 79875, "model": "food.food", "fields": {"food_description": "Per 1 pizza - Calories: 340kcal | Fat: 6.00g | Carbs: 51.00g | Protein: 20.00g", "content_type": 13, "food_name": "Lean Cuisine Casual Cuisine Traditional Four Cheese Pizza"}}, {"pk": 83050, "model": "food.food", "fields": {"food_description": "Per 3 tbsp prepared - Calories: 120kcal | Fat: 1.00g | Carbs: 20.00g | Protein: 3.00g", "content_type": 13, "food_name": "Pampered Chef Pizza Crust & Roll Mix"}}, {"pk": 86972, "model": "food.food", "fields": {"food_description": "Per 1/3 pizza - Calories: 360kcal | Fat: 18.00g | Carbs: 37.00g | Protein: 13.00g", "content_type": 13, "food_name": "Amy's Cheese & Pesto Pizza with Whole Wheat Crust"}}, {"pk": 89766, "model": "food.food", "fields": {"food_description": "Per 1/4 crust - Calories: 160kcal | Fat: 2.00g | Carbs: 33.00g | Protein: 4.00g", "content_type": 13, "food_name": "Betty Crocker Pizza Crust Mix"}}, {"pk": 92312, "model": "food.food", "fields": {"food_description": "Per 1/5 package - Calories: 140kcal | Fat: 2.50g | Carbs: 26.00g | Protein: 3.00g", "content_type": 13, "food_name": "Jiffy Pizza Crust Mix"}}, {"pk": 99516, "model": "food.food", "fields": {"food_description": "Per 1/4 crust - Calories: 160kcal | Fat: 2.00g | Carbs: 32.00g | Protein: 5.00g", "content_type": 13, "food_name": "Great Value Pizza Crust Mix"}}, {"pk": 100153, "model": "food.food", "fields": {"food_description": "Per 1 pizza - Calories: 370kcal | Fat: 11.00g | Carbs: 52.00g | Protein: 15.00g", "content_type": 13, "food_name": "Kroger Pizza Pals - Cheese"}}, {"pk": 107130, "model": "food.food", "fields": {"food_description": "Per 1/2 crust - Calories: 90kcal | Fat: 1.00g | Carbs: 17.00g | Protein: 3.00g", "content_type": 13, "food_name": "Meijer Thin Pizza Crusts"}}, {"pk": 125970, "model": "food.food", "fields": {"food_description": "Per 1/6 crust - Calories: 180kcal | Fat: 3.00g | Carbs: 32.00g | Protein: 6.00g", "content_type": 13, "food_name": "Boboli Original Pizza Crust"}}, {"pk": 129491, "model": "food.food", "fields": {"food_description": "Per 1 package - Calories: 250kcal | Fat: 8.00g | Carbs: 31.00g | Protein: 10.00g", "content_type": 13, "food_name": "NutriSystem Thick Crust Pizza"}}, {"pk": 180806, "model": "food.food", "fields": {"food_description": "Per 1/2 pizza - Calories: 250kcal | Fat: 7.00g | Carbs: 31.00g | Protein: 15.00g", "content_type": 13, "food_name": "President's Choice PC Blue Menu Stone Baked Thin & Crisp Crust Pizzas - Chicken & Red Pepper"}}, {"pk": 187533, "model": "food.food", "fields": {"food_description": "Per 1/2 cup - Calories: 140kcal | Fat: 5.00g | Carbs: 19.00g | Protein: 3.00g", "content_type": 13, "food_name": "Bob Evans Garlic Mashed Potatoes"}}, {"pk": 196099, "model": "food.food", "fields": {"food_description": "Per 1/4 crust - Calories: 160kcal | Fat: 2.00g | Carbs: 33.00g | Protein: 4.00g", "content_type": 13, "food_name": "Betty Crocker Pizza Crust Pouch Mix"}}, {"pk": 197909, "model": "food.food", "fields": {"food_description": "Per 1/6 package - Calories: 160kcal | Fat: 2.00g | Carbs: 31.00g | Protein: 5.00g", "content_type": 13, "food_name": "Pillsbury All Ready Pizza Crust"}}, {"pk": 288333, "model": "food.food", "fields": {"food_description": "Per 100g - Calories: 337kcal | Fat: 26.05g | Carbs: 6.94g | Protein: 18.94g", "content_type": 13, "food_name": "American Cheese"}}, {"pk": 288337, "model": "food.food", "fields": {"food_description": "Per 100g - Calories: 240kcal | Fat: 14.10g | Carbs: 10.60g | Protein: 17.60g", "content_type": 13, "food_name": "Reduced Fat American Cheese"}}, {"pk": 288338, "model": "food.food", "fields": {"food_description": "Per 100g - Calories: 180kcal | Fat: 7.00g | Carbs: 3.50g | Protein: 24.60g", "content_type": 13, "food_name": "Low Fat American Cheese"}}, {"pk": 337581, "model": "food.food", "fields": {"food_description": "Per 1/6th crust - Calories: 150kcal | Fat: 3.00g | Carbs: 27.00g | Protein: 5.00g", "content_type": 13, "food_name": "Meijer Organics Pizza Crust"}}, {"pk": 436968, "model": "food.food", "fields": {"food_description": "Per 100g - Calories: 302kcal | Fat: 20.03g | Carbs: 3.83g | Protein: 25.96g", "content_type": 13, "food_name": "Pizza Cheese"}}, {"pk": 440073, "model": "food.food", "fields": {"food_description": "Per 100g - Calories: 373kcal | Fat: 30.28g | Carbs: 0.68g | Protein: 24.48g", "content_type": 13, "food_name": "Monterey Jack Cheese"}}, {"pk": 468553, "model": "food.food", "fields": {"food_description": "Per 1 tray  - Calories: 290kcal | Fat: 9.00g | Carbs: 33.00g | Protein: 19.00g", "content_type": 13, "food_name": "Smart Menu Mashed Potatoes with Gravy & White Chicken"}}, {"pk": 503012, "model": "food.food", "fields": {"food_description": "Per 1/2 cup - Calories: 170kcal | Fat: 6.00g | Carbs: 23.00g | Protein: 4.00g", "content_type": 13, "food_name": "Alexia Mashed Potatoes Red Potatoes with Garlic & Parmesan"}}, {"pk": 503014, "model": "food.food", "fields": {"food_description": "Per 1/2 cup - Calories: 150kcal | Fat: 5.00g | Carbs: 21.00g | Protein: 3.00g", "content_type": 13, "food_name": "Alexia Mashed Potatoes Yukon Gold Potatoes & Sea Salt"}}, {"pk": 505853, "model": "food.food", "fields": {"food_description": "Per 1/2 cup - Calories: 160kcal | Fat: 7.00g | Carbs: 20.00g | Protein: 3.00g", "content_type": 13, "food_name": "Dream Dinners Mashed Potatoes"}}, {"pk": 513730, "model": "food.food", "fields": {"food_description": "Per 1 serving - Calories: 194kcal | Fat: 10.00g | Carbs: 10.00g | Protein: 0.00g", "content_type": 13, "food_name": "Cracker Barrel Old Country Store Mashed Potatoes"}}, {"pk": 599725, "model": "food.food", "fields": {"food_description": "Per 1/6 crust - Calories: 140kcal | Fat: 2.50g | Carbs: 23.00g | Protein: 5.00g", "content_type": 13, "food_name": "Boboli Thin Crust Pizza"}}, {"pk": 786021, "model": "food.food", "fields": {"food_description": "Per 1 serving - Calories: 277kcal | Fat: 18.40g | Carbs: 25.30g | Protein: 5.50g", "content_type": 13, "food_name": "Luby's Mashed Potatoes"}}, {"pk": 857881, "model": "food.food", "fields": {"food_description": "Per 1 serving - Calories: 107kcal | Fat: 6.00g | Carbs: 13.00g | Protein: 1.00g", "content_type": 13, "food_name": "Grandy's Mashed Potatoes"}}, {"pk": 859591, "model": "food.food", "fields": {"food_description": "Per 1 serving - Calories: 150kcal | Fat: 7.00g | Carbs: 18.00g | Protein: 2.00g", "content_type": 13, "food_name": "Perkins Restaurant Mashed Potatoes"}}, {"pk": 894119, "model": "food.food", "fields": {"food_description": "Per 1 serving - Calories: 120kcal | Fat: 1.00g | Carbs: 24.00g | Protein: 2.00g", "content_type": 13, "food_name": "Culver's Mashed Potatoes"}}, {"pk": 988883, "model": "food.food", "fields": {"food_description": "Per 1 cup - Calories: 367kcal | Fat: 21.00g | Carbs: 42.00g | Protein: 4.00g", "content_type": 13, "food_name": "Mimis Cafe Mashed Potatoes"}}, {"pk": 1097280, "model": "food.food", "fields": {"food_description": "Per 1 portion - Calories: 233kcal | Fat: 12.00g | Carbs: 23.00g | Protein: 6.00g", "content_type": 13, "food_name": "Sonny's Bar-B-Q Mashed Potatoes"}}, {"pk": 1366333, "model": "food.food", "fields": {"food_description": "Per 1/2 cup - Calories: 150kcal | Fat: 5.00g | Carbs: 22.00g | Protein: 3.00g", "content_type": 13, "food_name": "Wegmans Yukon Gold Mashed Potatoes"}}, {"pk": 1608400, "model": "food.food", "fields": {"food_description": "Per 1/2 pizza crust  - Calories: 248kcal | Fat: 7.00g | Carbs: 41.00g | Protein: 4.00g", "content_type": 13, "food_name": "Kinnikinnick Foods Pizza Crust"}}, {"pk": 1659015, "model": "food.food", "fields": {"food_description": "Per 1 side - Calories: 315kcal | Fat: 22.30g | Carbs: 24.70g | Protein: 3.20g", "content_type": 13, "food_name": "Cheesecake Factory Mashed Potatoes"}}, {"pk": 1669832, "model": "food.food", "fields": {"food_description": "Per 1/3 pizza - Calories: 410kcal | Fat: 23.00g | Carbs: 29.00g | Protein: 19.00g", "content_type": 13, "food_name": "Private Selection Thin Crust Extra Pepperoni Pizza"}}, {"pk": 1684892, "model": "food.food", "fields": {"food_description": "Per 2/3 cup - Calories: 140kcal | Fat: 7.00g | Carbs: 18.00g | Protein: 2.00g", "content_type": 13, "food_name": "Country Crock Garlic Mashed Potatoes"}}, {"pk": "pizza", "model": "food.foodsearchresults", "fields": {"content_type": 14}}, {"pk": "cheese", "model": "food.foodsearchresults", "fields": {"content_type": 14}}, {"pk": "cheese p", "model": "food.foodsearchresults", "fields": {"content_type": 14}}, {"pk": "cheese pizza", "model": "food.foodsearchresults", "fields": {"content_type": 14}}, {"pk": "pizza crust", "model": "food.foodsearchresults", "fields": {"content_type": 14}}, {"pk": "mashed potato", "model": "food.foodsearchresults", "fields": {"content_type": 14}}, {"pk": "mashed potat9", "model": "food.foodsearchresults", "fields": {"content_type": 14}}, {"pk": "mashed potat", "model": "food.foodsearchresults", "fields": {"content_type": 14}}, {"pk": 1, "model": "food.foodsearchresult", "fields": {"food": 4881, "ordering": 0, "results": "pizza", "content_type": 15}}, {"pk": 2, "model": "food.foodsearchresult", "fields": {"food": 4888, "ordering": 1, "results": "pizza", "content_type": 15}}, {"pk": 3, "model": "food.foodsearchresult", "fields": {"food": 4884, "ordering": 2, "results": "pizza", "content_type": 15}}, {"pk": 4, "model": "food.foodsearchresult", "fields": {"food": 4891, "ordering": 3, "results": "pizza", "content_type": 15}}, {"pk": 5, "model": "food.foodsearchresult", "fields": {"food": 4901, "ordering": 4, "results": "pizza", "content_type": 15}}, {"pk": 6, "model": "food.foodsearchresult", "fields": {"food": 4894, "ordering": 5, "results": "pizza", "content_type": 15}}, {"pk": 7, "model": "food.foodsearchresult", "fields": {"food": 4908, "ordering": 6, "results": "pizza", "content_type": 15}}, {"pk": 8, "model": "food.foodsearchresult", "fields": {"food": 4898, "ordering": 7, "results": "pizza", "content_type": 15}}, {"pk": 9, "model": "food.foodsearchresult", "fields": {"food": 4882, "ordering": 8, "results": "pizza", "content_type": 15}}, {"pk": 10, "model": "food.foodsearchresult", "fields": {"food": 4885, "ordering": 9, "results": "pizza", "content_type": 15}}, {"pk": 11, "model": "food.foodsearchresult", "fields": {"food": 4889, "ordering": 10, "results": "pizza", "content_type": 15}}, {"pk": 12, "model": "food.foodsearchresult", "fields": {"food": 4892, "ordering": 11, "results": "pizza", "content_type": 15}}, {"pk": 13, "model": "food.foodsearchresult", "fields": {"food": 4895, "ordering": 12, "results": "pizza", "content_type": 15}}, {"pk": 14, "model": "food.foodsearchresult", "fields": {"food": 4902, "ordering": 13, "results": "pizza", "content_type": 15}}, {"pk": 15, "model": "food.foodsearchresult", "fields": {"food": 4909, "ordering": 14, "results": "pizza", "content_type": 15}}, {"pk": 16, "model": "food.foodsearchresult", "fields": {"food": 4899, "ordering": 15, "results": "pizza", "content_type": 15}}, {"pk": 17, "model": "food.foodsearchresult", "fields": {"food": 4883, "ordering": 16, "results": "pizza", "content_type": 15}}, {"pk": 18, "model": "food.foodsearchresult", "fields": {"food": 4886, "ordering": 17, "results": "pizza", "content_type": 15}}, {"pk": 19, "model": "food.foodsearchresult", "fields": {"food": 4890, "ordering": 18, "results": "pizza", "content_type": 15}}, {"pk": 20, "model": "food.foodsearchresult", "fields": {"food": 4893, "ordering": 19, "results": "pizza", "content_type": 15}}, {"pk": 21, "model": "food.foodsearchresult", "fields": {"food": 4896, "ordering": 20, "results": "pizza", "content_type": 15}}, {"pk": 22, "model": "food.foodsearchresult", "fields": {"food": 4903, "ordering": 21, "results": "pizza", "content_type": 15}}, {"pk": 23, "model": "food.foodsearchresult", "fields": {"food": 4910, "ordering": 22, "results": "pizza", "content_type": 15}}, {"pk": 24, "model": "food.foodsearchresult", "fields": {"food": 4900, "ordering": 23, "results": "pizza", "content_type": 15}}, {"pk": 25, "model": "food.foodsearchresult", "fields": {"food": 25864, "ordering": 24, "results": "pizza", "content_type": 15}}, {"pk": 26, "model": "food.foodsearchresult", "fields": {"food": 33689, "ordering": 0, "results": "cheese", "content_type": 15}}, {"pk": 27, "model": "food.foodsearchresult", "fields": {"food": 1251, "ordering": 1, "results": "cheese", "content_type": 15}}, {"pk": 28, "model": "food.foodsearchresult", "fields": {"food": 288333, "ordering": 2, "results": "cheese", "content_type": 15}}, {"pk": 29, "model": "food.foodsearchresult", "fields": {"food": 1277, "ordering": 3, "results": "cheese", "content_type": 15}}, {"pk": 30, "model": "food.foodsearchresult", "fields": {"food": 33715, "ordering": 4, "results": "cheese", "content_type": 15}}, {"pk": 31, "model": "food.foodsearchresult", "fields": {"food": 33720, "ordering": 5, "results": "cheese", "content_type": 15}}, {"pk": 32, "model": "food.foodsearchresult", "fields": {"food": 1262, "ordering": 6, "results": "cheese", "content_type": 15}}, {"pk": 33, "model": "food.foodsearchresult", "fields": {"food": 1242, "ordering": 7, "results": "cheese", "content_type": 15}}, {"pk": 34, "model": "food.foodsearchresult", "fields": {"food": 288337, "ordering": 8, "results": "cheese", "content_type": 15}}, {"pk": 35, "model": "food.foodsearchresult", "fields": {"food": 33725, "ordering": 9, "results": "cheese", "content_type": 15}}, {"pk": 36, "model": "food.foodsearchresult", "fields": {"food": 1241, "ordering": 10, "results": "cheese", "content_type": 15}}, {"pk": 37, "model": "food.foodsearchresult", "fields": {"food": 33717, "ordering": 11, "results": "cheese", "content_type": 15}}, {"pk": 38, "model": "food.foodsearchresult", "fields": {"food": 33705, "ordering": 12, "results": "cheese", "content_type": 15}}, {"pk": 39, "model": "food.foodsearchresult", "fields": {"food": 1283, "ordering": 13, "results": "cheese", "content_type": 15}}, {"pk": 40, "model": "food.foodsearchresult", "fields": {"food": 33684, "ordering": 14, "results": "cheese", "content_type": 15}}, {"pk": 41, "model": "food.foodsearchresult", "fields": {"food": 33686, "ordering": 15, "results": "cheese", "content_type": 15}}, {"pk": 42, "model": "food.foodsearchresult", "fields": {"food": 33687, "ordering": 16, "results": "cheese", "content_type": 15}}, {"pk": 43, "model": "food.foodsearchresult", "fields": {"food": 33691, "ordering": 17, "results": "cheese", "content_type": 15}}, {"pk": 44, "model": "food.foodsearchresult", "fields": {"food": 288338, "ordering": 18, "results": "cheese", "content_type": 15}}, {"pk": 45, "model": "food.foodsearchresult", "fields": {"food": 440073, "ordering": 19, "results": "cheese", "content_type": 15}}, {"pk": 46, "model": "food.foodsearchresult", "fields": {"food": 436968, "ordering": 20, "results": "cheese", "content_type": 15}}, {"pk": 47, "model": "food.foodsearchresult", "fields": {"food": 1297, "ordering": 21, "results": "cheese", "content_type": 15}}, {"pk": 48, "model": "food.foodsearchresult", "fields": {"food": 33698, "ordering": 22, "results": "cheese", "content_type": 15}}, {"pk": 49, "model": "food.foodsearchresult", "fields": {"food": 1250, "ordering": 23, "results": "cheese", "content_type": 15}}, {"pk": 50, "model": "food.foodsearchresult", "fields": {"food": 40723, "ordering": 24, "results": "cheese", "content_type": 15}}, {"pk": 51, "model": "food.foodsearchresult", "fields": {"food": 33689, "ordering": 0, "results": "cheese p", "content_type": 15}}, {"pk": 52, "model": "food.foodsearchresult", "fields": {"food": 33835, "ordering": 1, "results": "cheese p", "content_type": 15}}, {"pk": 53, "model": "food.foodsearchresult", "fields": {"food": 38873, "ordering": 2, "results": "cheese p", "content_type": 15}}, {"pk": 54, "model": "food.foodsearchresult", "fields": {"food": 33684, "ordering": 3, "results": "cheese p", "content_type": 15}}, {"pk": 55, "model": "food.foodsearchresult", "fields": {"food": 39926, "ordering": 4, "results": "cheese p", "content_type": 15}}, {"pk": 56, "model": "food.foodsearchresult", "fields": {"food": 35083, "ordering": 5, "results": "cheese p", "content_type": 15}}, {"pk": 57, "model": "food.foodsearchresult", "fields": {"food": 33697, "ordering": 6, "results": "cheese p", "content_type": 15}}, {"pk": 58, "model": "food.foodsearchresult", "fields": {"food": 33720, "ordering": 7, "results": "cheese p", "content_type": 15}}, {"pk": 59, "model": "food.foodsearchresult", "fields": {"food": 33830, "ordering": 8, "results": "cheese p", "content_type": 15}}, {"pk": 60, "model": "food.foodsearchresult", "fields": {"food": 33692, "ordering": 9, "results": "cheese p", "content_type": 15}}, {"pk": 61, "model": "food.foodsearchresult", "fields": {"food": 38933, "ordering": 10, "results": "cheese p", "content_type": 15}}, {"pk": 62, "model": "food.foodsearchresult", "fields": {"food": 40051, "ordering": 11, "results": "cheese p", "content_type": 15}}, {"pk": 63, "model": "food.foodsearchresult", "fields": {"food": 38845, "ordering": 12, "results": "cheese p", "content_type": 15}}, {"pk": 64, "model": "food.foodsearchresult", "fields": {"food": 38960, "ordering": 13, "results": "cheese p", "content_type": 15}}, {"pk": 65, "model": "food.foodsearchresult", "fields": {"food": 39060, "ordering": 14, "results": "cheese p", "content_type": 15}}, {"pk": 66, "model": "food.foodsearchresult", "fields": {"food": 39933, "ordering": 15, "results": "cheese p", "content_type": 15}}, {"pk": 67, "model": "food.foodsearchresult", "fields": {"food": 39915, "ordering": 16, "results": "cheese p", "content_type": 15}}, {"pk": 68, "model": "food.foodsearchresult", "fields": {"food": 33825, "ordering": 17, "results": "cheese p", "content_type": 15}}, {"pk": 69, "model": "food.foodsearchresult", "fields": {"food": 33827, "ordering": 18, "results": "cheese p", "content_type": 15}}, {"pk": 70, "model": "food.foodsearchresult", "fields": {"food": 40724, "ordering": 19, "results": "cheese p", "content_type": 15}}, {"pk": 71, "model": "food.foodsearchresult", "fields": {"food": 35049, "ordering": 20, "results": "cheese p", "content_type": 15}}, {"pk": 72, "model": "food.foodsearchresult", "fields": {"food": 38964, "ordering": 21, "results": "cheese p", "content_type": 15}}, {"pk": 73, "model": "food.foodsearchresult", "fields": {"food": 39320, "ordering": 22, "results": "cheese p", "content_type": 15}}, {"pk": 74, "model": "food.foodsearchresult", "fields": {"food": 39911, "ordering": 23, "results": "cheese p", "content_type": 15}}, {"pk": 75, "model": "food.foodsearchresult", "fields": {"food": 35148, "ordering": 24, "results": "cheese p", "content_type": 15}}, {"pk": 76, "model": "food.foodsearchresult", "fields": {"food": 4881, "ordering": 0, "results": "cheese pizza", "content_type": 15}}, {"pk": 77, "model": "food.foodsearchresult", "fields": {"food": 4884, "ordering": 1, "results": "cheese pizza", "content_type": 15}}, {"pk": 78, "model": "food.foodsearchresult", "fields": {"food": 4882, "ordering": 2, "results": "cheese pizza", "content_type": 15}}, {"pk": 79, "model": "food.foodsearchresult", "fields": {"food": 4885, "ordering": 3, "results": "cheese pizza", "content_type": 15}}, {"pk": 80, "model": "food.foodsearchresult", "fields": {"food": 4883, "ordering": 4, "results": "cheese pizza", "content_type": 15}}, {"pk": 81, "model": "food.foodsearchresult", "fields": {"food": 4886, "ordering": 5, "results": "cheese pizza", "content_type": 15}}, {"pk": 82, "model": "food.foodsearchresult", "fields": {"food": 4887, "ordering": 6, "results": "cheese pizza", "content_type": 15}}, {"pk": 83, "model": "food.foodsearchresult", "fields": {"food": 39978, "ordering": 7, "results": "cheese pizza", "content_type": 15}}, {"pk": 84, "model": "food.foodsearchresult", "fields": {"food": 1328, "ordering": 8, "results": "cheese pizza", "content_type": 15}}, {"pk": 85, "model": "food.foodsearchresult", "fields": {"food": 40051, "ordering": 9, "results": "cheese pizza", "content_type": 15}}, {"pk": 86, "model": "food.foodsearchresult", "fields": {"food": 40052, "ordering": 10, "results": "cheese pizza", "content_type": 15}}, {"pk": 87, "model": "food.foodsearchresult", "fields": {"food": 40053, "ordering": 11, "results": "cheese pizza", "content_type": 15}}, {"pk": 88, "model": "food.foodsearchresult", "fields": {"food": 39979, "ordering": 12, "results": "cheese pizza", "content_type": 15}}, {"pk": 89, "model": "food.foodsearchresult", "fields": {"food": 65287, "ordering": 13, "results": "cheese pizza", "content_type": 15}}, {"pk": 90, "model": "food.foodsearchresult", "fields": {"food": 71586, "ordering": 14, "results": "cheese pizza", "content_type": 15}}, {"pk": 91, "model": "food.foodsearchresult", "fields": {"food": 79875, "ordering": 15, "results": "cheese pizza", "content_type": 15}}, {"pk": 92, "model": "food.foodsearchresult", "fields": {"food": 86972, "ordering": 16, "results": "cheese pizza", "content_type": 15}}, {"pk": 93, "model": "food.foodsearchresult", "fields": {"food": 53162, "ordering": 17, "results": "cheese pizza", "content_type": 15}}, {"pk": 94, "model": "food.foodsearchresult", "fields": {"food": 32002, "ordering": 18, "results": "cheese pizza", "content_type": 15}}, {"pk": 95, "model": "food.foodsearchresult", "fields": {"food": 33474, "ordering": 19, "results": "cheese pizza", "content_type": 15}}, {"pk": 96, "model": "food.foodsearchresult", "fields": {"food": 100153, "ordering": 20, "results": "cheese pizza", "content_type": 15}}, {"pk": 97, "model": "food.foodsearchresult", "fields": {"food": 58103, "ordering": 21, "results": "cheese pizza", "content_type": 15}}, {"pk": 98, "model": "food.foodsearchresult", "fields": {"food": 60866, "ordering": 22, "results": "cheese pizza", "content_type": 15}}, {"pk": 99, "model": "food.foodsearchresult", "fields": {"food": 61197, "ordering": 23, "results": "cheese pizza", "content_type": 15}}, {"pk": 100, "model": "food.foodsearchresult", "fields": {"food": 61677, "ordering": 24, "results": "cheese pizza", "content_type": 15}}, {"pk": 101, "model": "food.foodsearchresult", "fields": {"food": 40053, "ordering": 0, "results": "pizza crust", "content_type": 15}}, {"pk": 102, "model": "food.foodsearchresult", "fields": {"food": 40052, "ordering": 1, "results": "pizza crust", "content_type": 15}}, {"pk": 103, "model": "food.foodsearchresult", "fields": {"food": 40055, "ordering": 2, "results": "pizza crust", "content_type": 15}}, {"pk": 104, "model": "food.foodsearchresult", "fields": {"food": 39979, "ordering": 3, "results": "pizza crust", "content_type": 15}}, {"pk": 105, "model": "food.foodsearchresult", "fields": {"food": 39981, "ordering": 4, "results": "pizza crust", "content_type": 15}}, {"pk": 106, "model": "food.foodsearchresult", "fields": {"food": 1608400, "ordering": 5, "results": "pizza crust", "content_type": 15}}, {"pk": 107, "model": "food.foodsearchresult", "fields": {"food": 25496, "ordering": 6, "results": "pizza crust", "content_type": 15}}, {"pk": 108, "model": "food.foodsearchresult", "fields": {"food": 72212, "ordering": 7, "results": "pizza crust", "content_type": 15}}, {"pk": 109, "model": "food.foodsearchresult", "fields": {"food": 4904, "ordering": 8, "results": "pizza crust", "content_type": 15}}, {"pk": 110, "model": "food.foodsearchresult", "fields": {"food": 1669832, "ordering": 9, "results": "pizza crust", "content_type": 15}}, {"pk": 111, "model": "food.foodsearchresult", "fields": {"food": 180806, "ordering": 10, "results": "pizza crust", "content_type": 15}}, {"pk": 112, "model": "food.foodsearchresult", "fields": {"food": 62351, "ordering": 11, "results": "pizza crust", "content_type": 15}}, {"pk": 113, "model": "food.foodsearchresult", "fields": {"food": 89766, "ordering": 12, "results": "pizza crust", "content_type": 15}}, {"pk": 114, "model": "food.foodsearchresult", "fields": {"food": 92312, "ordering": 13, "results": "pizza crust", "content_type": 15}}, {"pk": 115, "model": "food.foodsearchresult", "fields": {"food": 99516, "ordering": 14, "results": "pizza crust", "content_type": 15}}, {"pk": 116, "model": "food.foodsearchresult", "fields": {"food": 599725, "ordering": 15, "results": "pizza crust", "content_type": 15}}, {"pk": 117, "model": "food.foodsearchresult", "fields": {"food": 78955, "ordering": 16, "results": "pizza crust", "content_type": 15}}, {"pk": 118, "model": "food.foodsearchresult", "fields": {"food": 107130, "ordering": 17, "results": "pizza crust", "content_type": 15}}, {"pk": 119, "model": "food.foodsearchresult", "fields": {"food": 129491, "ordering": 18, "results": "pizza crust", "content_type": 15}}, {"pk": 120, "model": "food.foodsearchresult", "fields": {"food": 71410, "ordering": 19, "results": "pizza crust", "content_type": 15}}, {"pk": 121, "model": "food.foodsearchresult", "fields": {"food": 125970, "ordering": 20, "results": "pizza crust", "content_type": 15}}, {"pk": 122, "model": "food.foodsearchresult", "fields": {"food": 337581, "ordering": 21, "results": "pizza crust", "content_type": 15}}, {"pk": 123, "model": "food.foodsearchresult", "fields": {"food": 196099, "ordering": 22, "results": "pizza crust", "content_type": 15}}, {"pk": 124, "model": "food.foodsearchresult", "fields": {"food": 197909, "ordering": 23, "results": "pizza crust", "content_type": 15}}, {"pk": 125, "model": "food.foodsearchresult", "fields": {"food": 83050, "ordering": 24, "results": "pizza crust", "content_type": 15}}, {"pk": 126, "model": "food.foodsearchresult", "fields": {"food": 5777, "ordering": 0, "results": "mashed potato", "content_type": 15}}, {"pk": 127, "model": "food.foodsearchresult", "fields": {"food": 5792, "ordering": 1, "results": "mashed potato", "content_type": 15}}, {"pk": 128, "model": "food.foodsearchresult", "fields": {"food": 5791, "ordering": 2, "results": "mashed potato", "content_type": 15}}, {"pk": 129, "model": "food.foodsearchresult", "fields": {"food": 36710, "ordering": 3, "results": "mashed potato", "content_type": 15}}, {"pk": 130, "model": "food.foodsearchresult", "fields": {"food": 36956, "ordering": 4, "results": "mashed potato", "content_type": 15}}, {"pk": 131, "model": "food.foodsearchresult", "fields": {"food": 36509, "ordering": 5, "results": "mashed potato", "content_type": 15}}, {"pk": 132, "model": "food.foodsearchresult", "fields": {"food": 5778, "ordering": 6, "results": "mashed potato", "content_type": 15}}, {"pk": 133, "model": "food.foodsearchresult", "fields": {"food": 5784, "ordering": 7, "results": "mashed potato", "content_type": 15}}, {"pk": 134, "model": "food.foodsearchresult", "fields": {"food": 5779, "ordering": 8, "results": "mashed potato", "content_type": 15}}, {"pk": 135, "model": "food.foodsearchresult", "fields": {"food": 53094, "ordering": 9, "results": "mashed potato", "content_type": 15}}, {"pk": 136, "model": "food.foodsearchresult", "fields": {"food": 62782, "ordering": 10, "results": "mashed potato", "content_type": 15}}, {"pk": 137, "model": "food.foodsearchresult", "fields": {"food": 67624, "ordering": 11, "results": "mashed potato", "content_type": 15}}, {"pk": 138, "model": "food.foodsearchresult", "fields": {"food": 67625, "ordering": 12, "results": "mashed potato", "content_type": 15}}, {"pk": 139, "model": "food.foodsearchresult", "fields": {"food": 67626, "ordering": 13, "results": "mashed potato", "content_type": 15}}, {"pk": 140, "model": "food.foodsearchresult", "fields": {"food": 67627, "ordering": 14, "results": "mashed potato", "content_type": 15}}, {"pk": 141, "model": "food.foodsearchresult", "fields": {"food": 67628, "ordering": 15, "results": "mashed potato", "content_type": 15}}, {"pk": 142, "model": "food.foodsearchresult", "fields": {"food": 68056, "ordering": 16, "results": "mashed potato", "content_type": 15}}, {"pk": 143, "model": "food.foodsearchresult", "fields": {"food": 68057, "ordering": 17, "results": "mashed potato", "content_type": 15}}, {"pk": 144, "model": "food.foodsearchresult", "fields": {"food": 68341, "ordering": 18, "results": "mashed potato", "content_type": 15}}, {"pk": 145, "model": "food.foodsearchresult", "fields": {"food": 70473, "ordering": 19, "results": "mashed potato", "content_type": 15}}, {"pk": 146, "model": "food.foodsearchresult", "fields": {"food": 71662, "ordering": 20, "results": "mashed potato", "content_type": 15}}, {"pk": 147, "model": "food.foodsearchresult", "fields": {"food": 74374, "ordering": 21, "results": "mashed potato", "content_type": 15}}, {"pk": 148, "model": "food.foodsearchresult", "fields": {"food": 74405, "ordering": 22, "results": "mashed potato", "content_type": 15}}, {"pk": 149, "model": "food.foodsearchresult", "fields": {"food": 74475, "ordering": 23, "results": "mashed potato", "content_type": 15}}, {"pk": 150, "model": "food.foodsearchresult", "fields": {"food": 76242, "ordering": 24, "results": "mashed potato", "content_type": 15}}, {"pk": 151, "model": "food.foodsearchresult", "fields": {"food": 36621, "ordering": 0, "results": "mashed potat9", "content_type": 15}}, {"pk": 152, "model": "food.foodsearchresult", "fields": {"food": 36621, "ordering": 0, "results": "mashed potat", "content_type": 15}}, {"pk": 153, "model": "food.foodsearchresult", "fields": {"food": 786021, "ordering": 1, "results": "mashed potat", "content_type": 15}}, {"pk": 154, "model": "food.foodsearchresult", "fields": {"food": 1097280, "ordering": 2, "results": "mashed potat", "content_type": 15}}, {"pk": 155, "model": "food.foodsearchresult", "fields": {"food": 187533, "ordering": 3, "results": "mashed potat", "content_type": 15}}, {"pk": 156, "model": "food.foodsearchresult", "fields": {"food": 1684892, "ordering": 4, "results": "mashed potat", "content_type": 15}}, {"pk": 157, "model": "food.foodsearchresult", "fields": {"food": 1366333, "ordering": 5, "results": "mashed potat", "content_type": 15}}, {"pk": 158, "model": "food.foodsearchresult", "fields": {"food": 53096, "ordering": 6, "results": "mashed potat", "content_type": 15}}, {"pk": 159, "model": "food.foodsearchresult", "fields": {"food": 468553, "ordering": 7, "results": "mashed potat", "content_type": 15}}, {"pk": 160, "model": "food.foodsearchresult", "fields": {"food": 503014, "ordering": 8, "results": "mashed potat", "content_type": 15}}, {"pk": 161, "model": "food.foodsearchresult", "fields": {"food": 503012, "ordering": 9, "results": "mashed potat", "content_type": 15}}, {"pk": 162, "model": "food.foodsearchresult", "fields": {"food": 1659015, "ordering": 10, "results": "mashed potat", "content_type": 15}}, {"pk": 163, "model": "food.foodsearchresult", "fields": {"food": 857881, "ordering": 11, "results": "mashed potat", "content_type": 15}}, {"pk": 164, "model": "food.foodsearchresult", "fields": {"food": 859591, "ordering": 12, "results": "mashed potat", "content_type": 15}}, {"pk": 165, "model": "food.foodsearchresult", "fields": {"food": 894119, "ordering": 13, "results": "mashed potat", "content_type": 15}}, {"pk": 166, "model": "food.foodsearchresult", "fields": {"food": 988883, "ordering": 14, "results": "mashed potat", "content_type": 15}}, {"pk": 167, "model": "food.foodsearchresult", "fields": {"food": 505853, "ordering": 15, "results": "mashed potat", "content_type": 15}}, {"pk": 168, "model": "food.foodsearchresult", "fields": {"food": 513730, "ordering": 16, "results": "mashed potat", "content_type": 15}}, {"pk": 169, "model": "food.foodsearchresult", "fields": {"food": 41983, "ordering": 17, "results": "mashed potat", "content_type": 15}}, {"pk": 170, "model": "food.foodsearchresult", "fields": {"food": 48029, "ordering": 18, "results": "mashed potat", "content_type": 15}}, {"pk": 171, "model": "food.foodsearchresult", "fields": {"food": 49665, "ordering": 19, "results": "mashed potat", "content_type": 15}}, {"pk": 172, "model": "food.foodsearchresult", "fields": {"food": 51487, "ordering": 20, "results": "mashed potat", "content_type": 15}}, {"pk": 173, "model": "food.foodsearchresult", "fields": {"food": 63769, "ordering": 21, "results": "mashed potat", "content_type": 15}}, {"pk": 174, "model": "food.foodsearchresult", "fields": {"food": 67628, "ordering": 22, "results": "mashed potat", "content_type": 15}}, {"pk": 175, "model": "food.foodsearchresult", "fields": {"food": 71662, "ordering": 23, "results": "mashed potat", "content_type": 15}}, {"pk": 176, "model": "food.foodsearchresult", "fields": {"food": 74405, "ordering": 24, "results": "mashed potat", "content_type": 15}}]